create schema if not exists `pharmacy` collate `utf8mb4_0900_ai_ci`;
use `pharmacy`;

create table if not exists `manufacturer`
(
  `id` int(11) unsigned auto_increment
    primary key,
  `name` varchar(45) null
);

create table if not exists `release_form`
(
  `id` int(11) unsigned auto_increment
    primary key,
  `description` varchar(200) null
);

create table if not exists `drug`
(
  `id` int(11) unsigned auto_increment
    primary key,
  `name` varchar(45) not null,
  `is_prescription_required` tinyint default 0 not null,
  `price` int(11) unsigned not null,
  `manufacturer_id` int(11) unsigned not null,
  `release_form_id` int(11) unsigned not null,
  `available_amount` int unsigned default 0 not null,
  constraint `drug_manufacturer_id_fk`
    foreign key (`manufacturer_id`) references `manufacturer` (`id`),
  constraint `drug_release_form_id_fk`
    foreign key (`release_form_id`) references `release_form` (`id`)
);

create table if not exists `user`
(
  `id` int(11) unsigned auto_increment
    primary key,
  `login` varchar(45) not null,
  `password` char(64) not null,
  `firstname` varchar(45) null,
  `lastname` varchar(45) null,
  `email` varchar(45) not null,
  `role` enum('client', 'doctor', 'admin') not null,
  `address` varchar(45) null,
  constraint `email_UNIQUE`
    unique (`email`),
  constraint `login_UNIQUE`
    unique (`login`)
);

create table if not exists `drug_order`
(
  `id` int(11) unsigned auto_increment
    primary key,
  `user_id` int(11) unsigned not null,
  `status` enum('new', 'at_work', 'completed', 'rejected') not null,
  `price` int not null,
  constraint `fk_drug_order_user1`
    foreign key (`user_id`) references `user` (`id`)
      on delete cascade
);

create index `fk_drug_order_user1_idx`
  on `drug_order` (`user_id`);

create table if not exists `drug_order_details`
(
  `id` int(11) unsigned auto_increment
    primary key,
  `drug_amount` smallint(11) unsigned not null,
  `drug_id` int(11) unsigned not null,
  `drug_order_id` int(11) unsigned not null,
  constraint `drug_order_details_drug_order_id_fk`
    foreign key (`drug_order_id`) references `drug_order` (`id`)
      on delete cascade,
  constraint `fk_drug_order_details_drug1`
    foreign key (`drug_id`) references `drug` (`id`)
);

create index `fk_drug_order_details_drug1_idx`
  on `drug_order_details` (`drug_id`);

create table if not exists `prescription`
(
  `id` int(11) unsigned auto_increment
    primary key,
  `description` varchar(255) null,
  `issue_date` date null,
  `validity_date` date null,
  `drug_id` int(11) unsigned not null,
  `doctor_id` int(11) unsigned not null,
  `user_id` int(11) unsigned not null,
  constraint`fk_prescription_drug1`
    foreign key (`drug_id`) references `drug` (`id`),
  constraint `fk_prescription_user1`
    foreign key (`doctor_id`) references user (`id`),
  constraint `fk_prescription_user2`
    foreign key (`user_id`) references user (`id`)
);

create index `fk_prescription_drug1_idx`
  on `prescription` (`drug_id`);

create index `fk_prescription_user1_idx`
  on `prescription` (`doctor_id`);

create index `fk_prescription_user2_idx`
  on `prescription` (`user_id`);

INSERT INTO pharmacy.user (id, login, password, firstname, lastname, email, role, address) VALUES (1, 'admin', '8c6976e5b5410415bde908bd4dee15dfb167a9c873fc4bb8a81f6f2ab448a918', 'Админ', 'Адменко', 'admin@mail.com', 'admin','Minsk');
INSERT INTO pharmacy.user (id, login, password, firstname, lastname, email, role, address) VALUES (2, 'test', 'ef797c8118f02dfb649607dd5d3f8c7623048c9c063d532cc95c5ed7a898a64f', ' Имя', 'Фамилия', 'test01@mail.ru', 'client','Minsk');
INSERT INTO pharmacy.user (id, login, password, firstname, lastname, email, role, address) VALUES (3, 'doctor', '72f4be89d6ebab1496e21e38bcd7c8ca0a68928af3081ad7dff87e772eb350c2', 'Доктор', 'Докторенко', 'doctor@mail.com', 'doctor','Minsk');

INSERT INTO pharmacy.manufacturer (id, name) VALUES (1, 'Битилмед-Минск');
INSERT INTO pharmacy.manufacturer (id, name) VALUES (2, 'Фарма-Бел');

INSERT INTO pharmacy.release_form (id, description) VALUES (1, 'таблетки');
INSERT INTO pharmacy.release_form (id, description) VALUES (4, 'ампулы');
INSERT INTO pharmacy.release_form (id, description) VALUES (2, 'гель');
INSERT INTO pharmacy.release_form (id, description) VALUES (3, 'рулон');

INSERT INTO pharmacy.drug (id, name, is_prescription_required, price, manufacturer_id, release_form_id, available_amount) VALUES (1, 'аспирин', 0, 15, 1, 1, 50);
INSERT INTO pharmacy.drug (id, name, is_prescription_required, price, manufacturer_id, release_form_id, available_amount) VALUES (2, 'ацикловир', 0, 16, 2, 2, 50);
INSERT INTO pharmacy.drug (id, name, is_prescription_required, price, manufacturer_id, release_form_id, available_amount) VALUES (3, 'ибупрофен', 0, 10, 2, 1, 50);
INSERT INTO pharmacy.drug (id, name, is_prescription_required, price, manufacturer_id, release_form_id, available_amount) VALUES (4, 'бинт', 0, 5, 2, 3, 50);
INSERT INTO pharmacy.drug (id, name, is_prescription_required, price, manufacturer_id, release_form_id, available_amount) VALUES (5, 'адреналин', 1, 30, 1, 4, 50);
INSERT INTO pharmacy.drug (id, name, is_prescription_required, price, manufacturer_id, release_form_id, available_amount) VALUES (6, 'эпинифрим', 1, 30, 1, 4, 50);
INSERT INTO pharmacy.drug (id, name, is_prescription_required, price, manufacturer_id, release_form_id, available_amount) VALUES (8, 'анальгин', 1, 15, 1, 1, 50);